{
    "books": [
        {
            "title": "Atomic Habits",
            "author": "James Clear",
            "price": "$19.99"
            
        },
        {
            "title": "Power of Subconscious Mind",
            "author": "Joseph Murphy",
            "price": "$19.99"
            
           
        },
        {
           "title": "The Women",
            "author": "Macmillan",
            "price": "$19.99"
        },
        {
            "title": "Fourth Wing",
             "author": "Macmillan",
             "price": "$19.99"
         }
    ]
}
